extension,pin,name,email,did
200,6314,"Amara Friesen",amara.friesen@example.org,6712948379
201,3932,"Bridgette Murray",bridgette.murray@example.org,9365276141
202,9649,"Bernadette Waelchi",bernadette.waelchi@example.org,3182150615
203,9442,"Clifton Beahan",clifton.beahan@example.org,8636386087
204,7374,"Ashley Dibbert",ashley.dibbert@example.org,9403880508
205,2606,"Clark Bradtke",clark.bradtke@example.org,7312120195
206,3091,"Chester Borer",chester.borer@example.org,5019093782
207,5640,"Asha Green",asha.green@example.org,8602645312
208,9472,"Anahi Streich",anahi.streich@example.org,9805410667
209,5155,"Clarabelle Swift",clarabelle.swift@example.org,8639184351
210,2856,"Abdiel Ebert",abdiel.ebert@example.org,5403883659
212,2593,"Berenice Parisian",berenice.parisian@example.org,6712037395
213,5955,"Aisha Bergnaum",aisha.bergnaum@example.org,7207640045
214,8522,"Aditya Eichmann",aditya.eichmann@example.org,2899560280
215,2239,"Beth Klocko",beth.klocko@example.org,6179195458
216,8696,"Chet Howe",chet.howe@example.org,7627668652
217,2054,"Annabelle Green",annabelle.green@example.org,7152860036
218,8198,"Bettye Crist",bettye.crist@example.org,6617089549
219,0808,"Carolyn Prosacco",carolyn.prosacco@example.org,6718206116
220,4763,"Austin Crooks",austin.crooks@example.org,6134523726
221,9447,"Billy Anderson",billy.anderson@example.org,9164203304
222,6600,"Cale Cartwright",cale.cartwright@example.org,2428497570
223,9419,"Carli Adams",carli.adams@example.org,5738949054
224,2396,"Alanna Christiansen",alanna.christiansen@example.org,5126500387
225,5980,"Alanis Altenwerth",alanis.altenwerth@example.org,7695703470
226,2659,"Clementine Borer",clementine.borer@example.org,5056932279
227,7005,"Bryon Breitenberg",bryon.breitenberg@example.org,2248636154
228,2301,"Brando Aufderhar",brando.aufderhar@example.org,8292816757
229,2538,"Cheyanne Reichel",cheyanne.reichel@example.org,5616009999
230,3138,"Berenice Ebert",berenice.ebert@example.org,5597409050
231,8920,"Ana Dare",ana.dare@example.org,8478882834
232,4659,"Britney Daniel",britney.daniel@example.org,5122496272
233,9530,"Brooks Feil",brooks.feil@example.org,6108814123
234,0698,"Brain Fisher",brain.fisher@example.org,4046469624
235,6199,"Ayla Ebert",ayla.ebert@example.org,9122921896
236,8280,"Amparo Doyle",amparo.doyle@example.org,3029326283
237,6518,"Alisa Erdman",alisa.erdman@example.org,5872759310
238,0274,"Bernhard Durgan",bernhard.durgan@example.org,3093498134
239,0446,"Amie Frami",amie.frami@example.org,9176565535
240,2715,"Brittany Romaguera",brittany.romaguera@example.org,2537938571
241,5428,"Cristal Hilll",cristal.hilll@example.org,4306969474
242,5417,"Barrett Harris",barrett.harris@example.org,3066730106
243,7036,"Aleen Gerlach",aleen.gerlach@example.org,7405524709
244,2422,"Corrine Hilll",corrine.hilll@example.org,6708966777
245,6202,"Bailee Gleichner",bailee.gleichner@example.org,5155611614
246,4261,"Bertrand Howe",bertrand.howe@example.org,5074816601
247,9119,"Armani Graham",armani.graham@example.org,6602248236
248,2910,"Chelsie Gusikowski",chelsie.gusikowski@example.org,4343641625
249,6781,"Cynthia Gorczany",cynthia.gorczany@example.org,3317913819
250,4928,"Alice Langosh",alice.langosh@example.org,5102206892
251,9327,"Albertha Runolfsdottir",albertha.runolfsdottir@example.org,8123118726
252,2225,"Alysa Jaskolski",alysa.jaskolski@example.org,4502784874
253,8705,"Cecelia Jerde",cecelia.jerde@example.org,4135989037
254,1310,"Christina Kihn",christina.kihn@example.org,5595088665
255,7346,"Angelina Jacobs",angelina.jacobs@example.org,9518485464
256,9979,"Alana Johns",alana.johns@example.org,8582867998
257,1030,"Claud Kris",claud.kris@example.org,7045633049
258,3422,"Bessie Kuvalis",bessie.kuvalis@example.org,8727777743
259,0709,"Ally Lynch",ally.lynch@example.org,2647706948
260,1196,"Annabell Boyle",annabell.boyle@example.org,3343158168
261,8133,"Candice Morissette",candice.morissette@example.org,8069035776
262,0309,"Berenice Nader",berenice.nader@example.org,8766288875
263,8166,"Ashley Medhurst",ashley.medhurst@example.org,9258689483
264,5109,"Aileen Nitzsche",aileen.nitzsche@example.org,9084967577
265,0791,"Aaliyah O'Keefe",aaliyah.o'keefe@example.org,5865002011
266,7561,"Agustina Mosciski",agustina.mosciski@example.org,6475968050
267,1235,"Ashlynn Osinski",ashlynn.osinski@example.org,8056943932
268,2381,"Annie Murphy",annie.murphy@example.org,3613593606
269,1480,"Alexa Erdman",alexa.erdman@example.org,2195628723
270,5718,"Carli Stark",carli.stark@example.org,3174350543
271,9250,"Alana Schroeder",alana.schroeder@example.org,3068461403
272,6762,"Anahi Schultz",anahi.schultz@example.org,4247279728
273,4304,"Amely Renner",amely.renner@example.org,6057460912
274,5702,"Anika Ritchie",anika.ritchie@example.org,6183353695
275,4626,"Cathy Skiles",cathy.skiles@example.org,8639135327
276,3272,"Andre Pouros",andre.pouros@example.org,8173531237
277,1273,"Ada Prosacco",ada.prosacco@example.org,6316338677
278,0044,"Ardith Stoltenberg",ardith.stoltenberg@example.org,2296823605
279,5953,"Casper Ryan",casper.ryan@example.org,9564723123
280,7961,"Ari Turcotte",ari.turcotte@example.org,7873695370
281,5909,"Berniece Thiel",berniece.thiel@example.org,6198631896
282,7290,"Bridie Vandervort",bridie.vandervort@example.org,2167679183
283,8729,"Cassie Veum",cassie.veum@example.org,2096231873
284,5405,"Alessia Thiel",alessia.thiel@example.org,3605394066
285,3387,"Alek Ullrich",alek.ullrich@example.org,9287125105
286,3783,"Christop Torp",christop.torp@example.org,7787169271
287,0285,"Alessandro Tremblay",alessandro.tremblay@example.org,2409134009
288,0767,"Adan Turner",adan.turner@example.org,2344206009
289,3188,"Alejandrin Cartwright",alejandrin.cartwright@example.org,5169310072
290,0800,"Abigail Waelchi",abigail.waelchi@example.org,2075847535
291,6325,"Cathy Yost",cathy.yost@example.org,8165325155
292,9359,"Anahi Watsica",anahi.watsica@example.org,8644197987
293,6067,"Aurelio Weissnat",aurelio.weissnat@example.org,6464157135
294,5345,"Anibal Witting",anibal.witting@example.org,8045708258
295,6414,"Colby Jones",colby.jones@example.org,5816240362
296,6162,"Allan Wolff",allan.wolff@example.org,6032093404
297,3140,"Caleb Hammes",caleb.hammes@example.org,8026938923
298,9165,"Ava Yundt",ava.yundt@example.org,3052226227
299,0140,"Cortney Wilkinson",cortney.wilkinson@example.org,6233655879
300,1191,"Faye Stiedemann",faye.stiedemann@example.org,8046886061
